id,name,price,stock,stars,genre_id
2,"How Music Works","£37.32","In stock", 2 , 8 
3,"Foolproof Preserving: A Guide ...","£30.52","In stock", 3 , 8 
4,"Chase Me (Paris Nights ...","£25.27","In stock", 5 , 5 
5,"Black Dust","£34.53","In stock", 5 , 5 
6,"Birdsong: A Story in ...","£54.64","In stock", 3 , 3 
7,"America's Cradle of Quarterbacks: ...","£22.50","In stock", 3 , 2 
8,"Aladdin and His Wonderful ...","£53.13","In stock", 3 , 6 
9,"Worlds Elsewhere: Journeys Around ...","£40.30","In stock", 5 , 1 
10,"Wall and Piece","£44.18","In stock", 4 , 4 
11,"The Four Agreements: A ...","£17.66","In stock", 5 , 1 
12,"The Five Love Languages: ...","£31.05","In stock", 3 , 6 
13,"The Elephant Tree","£23.82","In stock", 5 , 6 
14,"The Bear and the ...","£36.89","In stock", 1 , 5 
15,"Sophie's World","£15.94","In stock", 5 , 7 
16,"Penny Maybe","£33.29","In stock", 3 , 4 
17,"Maude (1883-1993):She Grew Up ...","£18.02","In stock", 2 , 4 
18,"In a Dark, Dark ...","£19.63","In stock", 1 , 8 
19,"Behind Closed Doors","£52.22","In stock", 4 , 8 
20,"You can't bury them ...","£33.63","In stock", 2 , 2 
21,"Slow States of Collapse: ...","£57.31","In stock", 3 , 7 
22,"Reasons to Stay Alive","£26.41","In stock", 2 , 10 
23,"Private Paris (Private #10)","£47.61","In stock", 5 , 2 
24,"#HigherSelfie: Wake Up Your ...","£23.11","In stock", 5 , 8 
25,"Without Borders (Wanderlove #1)","£45.07","In stock", 2 , 8 
26,"When We Collided","£31.77","In stock", 1 , 4 
27,"We Love You, Charlie ...","£50.27","In stock", 5 , 5 
28,"Untitled Collection: Sabbath Poems ...","£14.27","In stock", 4 , 6 
29,"Unseen City: The Majesty ...","£44.18","In stock", 4 , 6 
30,"Unicorn Tracks","£18.78","In stock", 3 , 3 
31,"Unbound: How Eight Technologies ...","£25.52","In stock", 1 , 1 
32,"Tsubasa: WoRLD CHRoNiCLE 2 ...","£16.28","In stock", 1 , 5 
33,"Throwing Rocks at the ...","£31.12","In stock", 3 , 2 
34,"This One Summer","£19.49","In stock", 4 , 1 
35,"Thirst","£17.27","In stock", 5 , 1 
36,"The Torch Is Passed: ...","£19.09","In stock", 1 , 10 
37,"The Secret of Dreadwillow ...","£56.13","In stock", 1 , 2 
38,"The Pioneer Woman Cooks: ...","£56.41","In stock", 1 , 9 
39,"The Past Never Ends","£56.50","In stock", 4 , 9 
40,"The Natural History of ...","£45.22","In stock", 3 , 5 
41,"The Nameless City (The ...","£38.16","In stock", 4 , 3 
42,"The Murder That Never ...","£54.11","In stock", 3 , 1 
43,"The Most Perfect Thing: ...","£42.96","In stock", 4 , 9 
44,"The Mindfulness and Acceptance ...","£23.89","In stock", 4 , 9 
45,"The Life-Changing Magic of ...","£16.77","In stock", 3 , 6 
46,"The Inefficiency Assassin: Time ...","£20.59","In stock", 5 , 1 
47,"The Gutsy Girl: Escapades ...","£37.13","In stock", 1 , 7 
48,"The Electric Pencil: Drawings ...","£56.06","In stock", 1 , 8 
49,"The Death of Humanity: ...","£58.11","In stock", 4 , 1 
50,"The Bulletproof Diet: Lose ...","£49.05","In stock", 3 , 7 
51,"The Art Forger","£40.76","In stock", 3 , 2 
52,"The Age of Genius: ...","£19.73","In stock", 1 , 10 
53,"The Activist's Tao Te ...","£32.24","In stock", 5 , 10 
54,"Spark Joy: An Illustrated ...","£41.83","In stock", 4 , 2 
55,"Soul Reader","£39.58","In stock", 2 , 3 
56,"Security","£39.25","In stock", 2 , 8 
57,"Saga, Volume 6 (Saga ...","£25.02","In stock", 3 , 6 
58,"Saga, Volume 5 (Saga ...","£51.04","In stock", 2 , 7 
59,"Reskilling America: Learning to ...","£19.83","In stock", 2 , 9 
60,"Rat Queens, Vol. 3: ...","£50.40","In stock", 3 , 6 
61,"Princess Jellyfish 2-in-1 Omnibus, ...","£13.61","In stock", 5 , 2 
62,"Princess Between Worlds (Wide-Awake ...","£13.34","In stock", 5 , 10 
63,"Pop Gun War, Volume ...","£18.97","In stock", 1 , 2 
64,"Political Suicide: Missteps, Peccadilloes, ...","£36.28","In stock", 2 , 9 
65,"Patience","£10.16","In stock", 3 , 5 
66,"Outcast, Vol. 1: A ...","£15.44","In stock", 4 , 8 
67,"orange: The Complete Collection ...","£48.41","In stock", 1 , 3 
68,"Online Marketing for Busy ...","£46.35","In stock", 1 , 10 
69,"On a Midnight Clear","£14.07","In stock", 3 , 7 
70,"Obsidian (Lux #1)","£14.86","In stock", 2 , 5 
71,"My Paris Kitchen: Recipes ...","£33.37","In stock", 2 , 2 
72,"Masks and Shadows","£56.40","In stock", 2 , 5 
73,"Mama Tried: Traditional Italian ...","£14.02","In stock", 4 , 9 
74,"Lumberjanes, Vol. 2: Friendship ...","£46.91","In stock", 2 , 4 
75,"Lumberjanes, Vol. 1: Beware ...","£45.61","In stock", 3 , 3 
76,"Lumberjanes Vol. 3: A ...","£19.92","In stock", 2 , 8 
77,"Layered: Baking, Building, and ...","£40.11","In stock", 1 , 8 
78,"Judo: Seven Steps to ...","£53.90","In stock", 2 , 3 
79,"Join","£35.67","In stock", 5 , 5 
80,"In the Country We ...","£22.00","In stock", 4 , 1 
81,"Immunity: How Elie Metchnikoff ...","£57.36","In stock", 5 , 5 
82,"I Hate Fairyland, Vol. ...","£29.17","In stock", 2 , 2 
83,"I am a Hero ...","£54.63","In stock", 3 , 5 
84,"How to Be Miserable: ...","£46.03","In stock", 1 , 1 
85,"Her Backup Boyfriend (The ...","£33.97","In stock", 1 , 3 
86,"Giant Days, Vol. 2 ...","£22.11","In stock", 2 , 6 
87,"Forever and Forever: The ...","£29.69","In stock", 3 , 4 
88,"First and First (Five ...","£15.97","In stock", 4 , 3 
89,"Fifty Shades Darker (Fifty ...","£21.96","In stock", 1 , 3 
90,"Everydata: The Misinformation Hidden ...","£54.35","In stock", 2 , 8 
91,"Don't Be a Jerk: ...","£37.97","In stock", 2 , 8 
92,"Danganronpa Volume 1","£51.99","In stock", 4 , 3 
93,"Crown of Midnight (Throne ...","£43.29","In stock", 3 , 1 
94,"Codename Baboushka, Volume 1: ...","£36.72","In stock", 4 , 2 
95,"Camp Midnight","£17.08","In stock", 4 , 5 
96,"Call the Nurse: True ...","£29.14","In stock", 5 , 4 
97,"Burning","£28.81","In stock", 3 , 7 
98,"Bossypants","£49.46","In stock", 2 , 1 
99,"Bitch Planet, Vol. 1: ...","£37.92","In stock", 2 , 6 
100,"Avatar: The Last Airbender: ...","£28.09","In stock", 2 , 2 
101,"Algorithms to Live By: ...","£30.81","In stock", 1 , 3 
102,"A World of Flavor: ...","£42.95","In stock", 1 , 10 
103,"A Piece of Sky, ...","£56.76","In stock", 5 , 7 
104,"A Murder in Time","£16.64","In stock", 1 , 7 
105,"A Flight of Arrows ...","£55.53","In stock", 5 , 3 
106,"A Fierce and Subtle ...","£28.13","In stock", 4 , 2 
107,"A Court of Thorns ...","£52.37","In stock", 1 , 7 
108,"(Un)Qualified: How God Uses ...","£54.00","In stock", 5 , 9 
109,"You Are What You ...","£21.87","In stock", 4 , 3 
110,"William Shakespeare's Star Wars: ...","£43.30","In stock", 4 , 9 
111,"Tuesday Nights in 1980","£21.04","In stock", 2 , 10 
112,"Tracing Numbers on a ...","£41.60","In stock", 3 , 7 
113,"Throne of Glass (Throne ...","£35.07","In stock", 3 , 4 
114,"Thomas Jefferson and the ...","£59.64","In stock", 1 , 2 
115,"Thirteen Reasons Why","£52.72","In stock", 1 , 4 
116,"The White Cat and ...","£58.08","In stock", 4 , 7 
117,"The Wedding Dress","£24.12","In stock", 1 , 8 
118,"The Vacationers","£42.15","In stock", 4 , 2 
119,"The Third Wave: An ...","£12.61","In stock", 5 , 6 
120,"The Stranger","£17.44","In stock", 4 , 5 
121,"The Shadow Hero (The ...","£33.14","In stock", 1 , 3 
122,"The Secret (The Secret ...","£27.37","In stock", 4 , 2 
123,"The Regional Office Is ...","£51.36","In stock", 5 , 2 
124,"The Psychopath Test: A ...","£36.00","In stock", 2 , 4 
125,"The Project","£10.65","In stock", 1 , 7 
126,"The Power of Now: ...","£43.54","In stock", 2 , 6 
127,"The Omnivore's Dilemma: A ...","£38.21","In stock", 2 , 1 
128,"The Nerdy Nummies Cookbook: ...","£37.34","In stock", 5 , 3 
129,"The Murder of Roger ...","£44.10","In stock", 4 , 1 
130,"The Mistake (Off-Campus #2)","£43.29","In stock", 3 , 2 
131,"The Matchmaker's Playbook (Wingmen ...","£55.85","In stock", 1 , 7 
132,"The Love and Lemons ...","£37.60","In stock", 2 , 1 
133,"The Long Shadow of ...","£10.97","In stock", 1 , 5 
134,"The Kite Runner","£41.82","In stock", 4 , 7 
135,"The House by the ...","£36.95","In stock", 1 , 1 
136,"The Glittering Court (The ...","£44.28","In stock", 1 , 3 
137,"The Girl on the ...","£55.02","In stock", 2 , 4 
138,"The Genius of Birds","£17.24","In stock", 1 , 3 
139,"The Emerald Mystery","£23.15","In stock", 2 , 8 
140,"The Cookies & Cups ...","£41.25","In stock", 1 , 5 
141,"The Bridge to Consciousness: ...","£32.00","In stock", 3 , 2 
142,"The Artist's Way: A ...","£38.49","In stock", 5 , 4 
143,"The Art of War","£33.34","In stock", 5 , 1 
144,"The Argonauts","£10.93","In stock", 2 , 1 
145,"The 10% Entrepreneur: Live ...","£27.55","In stock", 3 , 7 
146,"Suddenly in Love (Lake ...","£55.99","In stock", 2 , 5 
147,"Something More Than This","£16.24","In stock", 4 , 10 
148,"Soft Apocalypse","£26.12","In stock", 2 , 2 
149,"So You've Been Publicly ...","£12.23","In stock", 2 , 8 
150,"Shoe Dog: A Memoir ...","£23.99","In stock", 2 , 5 
151,"Shobu Samurai, Project Aryoku ...","£29.06","In stock", 3 , 5 
152,"Secrets and Lace (Fatal ...","£20.27","In stock", 1 , 4 
153,"Scarlett Epstein Hates It ...","£43.55","In stock", 5 , 9 
154,"Romero and Juliet: A ...","£36.94","In stock", 1 , 3 
155,"Redeeming Love","£20.47","In stock", 5 , 7 
156,"Poses for Artists Volume ...","£41.06","In stock", 1 , 1 
157,"Poems That Make Grown ...","£14.19","In stock", 4 , 7 
158,"Nightingale, Sing","£38.28","In stock", 1 , 1 
159,"Night Sky with Exit ...","£41.05","In stock", 1 , 1 
160,"Mrs. Houdini","£30.25","In stock", 5 , 4 
161,"Modern Romance","£28.26","In stock", 5 , 5 
162,"Miss Peregrine’s Home for ...","£10.76","In stock", 1 , 3 
163,"Louisa: The Extraordinary Life ...","£16.85","In stock", 2 , 3 
164,"Little Red","£13.47","In stock", 3 , 2 
165,"Library of Souls (Miss ...","£48.56","In stock", 5 , 10 
166,"Large Print Heart of ...","£19.15","In stock", 2 , 5 
167,"I Had a Nice ...","£57.36","In stock", 4 , 2 
168,"Hollow City (Miss Peregrine’s ...","£42.98","In stock", 1 , 9 
169,"Grumbles","£22.16","In stock", 2 , 4 
170,"Full Moon over Noah’s ...","£49.43","In stock", 4 , 3 
171,"Frostbite (Vampire Academy #2)","£29.99","In stock", 5 , 5 
172,"Follow You Home","£21.36","In stock", 1 , 9 
173,"First Steps for New ...","£29.00","In stock", 1 , 6 
174,"Finders Keepers (Bill Hodges ...","£53.53","In stock", 5 , 4 
175,"Fables, Vol. 1: Legends ...","£41.62","In stock", 4 , 4 
176,"Eureka Trivia 6.0","£54.59","In stock", 4 , 4 
177,"Drive: The Surprising Truth ...","£34.95","In stock", 4 , 9 
178,"Done Rubbed Out (Reightman ...","£37.72","In stock", 5 , 8 
179,"Doing It Over (Most ...","£35.61","In stock", 3 , 6 
180,"Deliciously Ella Every Day: ...","£42.16","In stock", 3 , 7 
181,"Dark Notes","£19.19","In stock", 5 , 8 
182,"Daring Greatly: How the ...","£19.43","In stock", 3 , 5 
183,"Close to You","£49.46","In stock", 4 , 10 
184,"Chasing Heaven: What Dying ...","£37.80","In stock", 2 , 5 
185,"Big Magic: Creative Living ...","£30.80","In stock", 3 , 9 
186,"Becoming Wise: An Inquiry ...","£27.43","In stock", 2 , 9 
187,"Beauty Restored (Riley Family ...","£11.11","In stock", 2 , 4 
188,"Batman: The Long Halloween ...","£36.50","In stock", 2 , 9 
189,"Batman: The Dark Knight ...","£15.38","In stock", 5 , 2 
190,"Ayumi's Violin","£15.48","In stock", 2 , 2 
191,"Anonymous","£46.82","In stock", 4 , 5 
192,"Amy Meets the Saints ...","£18.46","In stock", 3 , 5 
193,"Amid the Chaos","£36.58","In stock", 1 , 9 
194,"Amatus","£50.54","In stock", 5 , 3 
195,"Agnostic: A Spirited Manifesto","£12.51","In stock", 5 , 9 
196,"Zealot: The Life and ...","£24.70","In stock", 3 , 1 
197,"You (You #1)","£43.61","In stock", 5 , 10 
198,"Wonder Woman: Earth One, ...","£37.34","In stock", 4 , 9 
199,"Wild Swans","£14.36","In stock", 2 , 3 
200,"Why the Right Went ...","£52.65","In stock", 4 , 2 
201,"Whole Lotta Creativity Going ...","£38.20","In stock", 4 , 9 
202,"What's It Like in ...","£19.60","In stock", 2 , 2 
203,"We Are Robin, Vol. ...","£53.90","In stock", 1 , 3 
204,"Walt Disney's Alice in ...","£12.96","In stock", 5 , 3 
205,"V for Vendetta (V ...","£37.10","In stock", 4 , 3 
206,"Until Friday Night (The ...","£46.31","In stock", 2 , 9 
207,"Unbroken: A World War ...","£45.95","In stock", 2 , 2 
208,"Twenty Yawns","£22.08","In stock", 2 , 8 
209,"Through the Woods","£25.38","In stock", 2 , 1 
210,"This Is Where It ...","£27.12","In stock", 2 , 5 
211,"The Year of Magical ...","£43.04","In stock", 2 , 6 
212,"The Wright Brothers","£56.80","In stock", 4 , 7 
213,"The White Queen (The ...","£25.91","In stock", 5 , 6 
214,"The Wedding Pact (The ...","£32.61","In stock", 3 , 1 
215,"The Time Keeper","£27.88","In stock", 5 , 1 
216,"The Testament of Mary","£52.67","In stock", 4 , 4 
217,"The Star-Touched Queen","£46.02","In stock", 5 , 3 
218,"The Songs of the ...","£44.48","In stock", 5 , 6 
219,"The Song of Achilles","£37.40","In stock", 5 , 1 
220,"The Rosie Project (Don ...","£54.04","In stock", 1 , 1 
221,"The Power of Habit: ...","£16.88","In stock", 3 , 10 
222,"The Marriage of Opposites","£28.08","In stock", 4 , 10 
223,"The Lucifer Effect: Understanding ...","£10.40","In stock", 1 , 10 
224,"The Long Haul (Diary ...","£44.07","In stock", 1 , 7 
225,"The Loney","£23.40","In stock", 1 , 2 
226,"The Literature Book (Big ...","£17.43","In stock", 3 , 8 
227,"The Last Mile (Amos ...","£54.21","In stock", 2 , 6 
228,"The Immortal Life of ...","£40.67","In stock", 2 , 7 
229,"The Hidden Oracle (The ...","£52.26","In stock", 2 , 7 
230,"The Help Yourself Cookbook ...","£28.77","In stock", 3 , 2 
231,"The Guilty (Will Robie ...","£13.82","In stock", 2 , 5 
232,"The First Hostage (J.B. ...","£25.85","In stock", 3 , 4 
233,"The Dovekeepers","£48.78","In stock", 1 , 3 
234,"The Darkest Lie","£35.35","In stock", 5 , 4 
235,"The Bane Chronicles (The ...","£44.73","In stock", 4 , 5 
236,"The Bad-Ass Librarians of ...","£15.77","In stock", 1 , 9 
237,"The 14th Colony (Cotton ...","£39.24","In stock", 1 , 7 
238,"That Darkness (Gardiner and ...","£13.92","In stock", 1 , 6 
239,"Tastes Like Fear (DI ...","£10.69","In stock", 1 , 7 
240,"Take Me with You","£45.21","In stock", 3 , 3 
241,"Swell: A Year of ...","£45.58","In stock", 1 , 7 
242,"Superman Vol. 1: Before ...","£11.89","In stock", 5 , 4 
243,"Still Life with Bread ...","£26.41","In stock", 3 , 5 
244,"Steve Jobs","£39.50","In stock", 5 , 4 
245,"Sorting the Beef from ...","£44.74","In stock", 4 , 1 
246,"Someone Like You (The ...","£52.79","In stock", 5 , 5 
247,"So Cute It Hurts!!, ...","£35.43","In stock", 4 , 8 
248,"Shtum","£55.84","In stock", 4 , 9 
249,"See America: A Celebration ...","£48.87","In stock", 3 , 2 
250,"salt.","£46.78","In stock", 4 , 4 
251,"Robin War","£47.82","In stock", 3 , 7 
252,"Red Hood/Arsenal, Vol. 1: ...","£25.48","In stock", 2 , 9 
253,"Rain Fish","£23.57","In stock", 3 , 8 
254,"Quarter Life Poetry: Poems ...","£50.89","In stock", 5 , 10 
255,"Pet Sematary","£10.56","In stock", 3 , 10 
256,"Overload: How to Unplug, ...","£52.15","In stock", 3 , 8 
257,"Once Was a Time","£18.28","In stock", 2 , 2 
258,"Old School (Diary of ...","£11.83","In stock", 5 , 5 
259,"No Dream Is Too ...","£21.95","In stock", 2 , 1 
260,"Naruto (3-in-1 Edition), Vol. ...","£38.39","In stock", 2 , 8 
261,"My Name Is Lucy ...","£41.56","In stock", 1 , 3 
262,"My Mrs. Brown","£24.48","In stock", 3 , 5 
263,"My Kind of Crazy","£40.36","In stock", 1 , 5 
264,"Mr. Mercedes (Bill Hodges ...","£28.90","In stock", 1 , 1 
265,"More Than Music (Chasing ...","£37.61","In stock", 2 , 2 
266,"Made to Stick: Why ...","£38.85","In stock", 5 , 1 
267,"Luis Paints the World","£53.95","In stock", 3 , 2 
268,"Luckiest Girl Alive","£49.83","In stock", 3 , 6 
269,"Lowriders to the Center ...","£51.51","In stock", 2 , 9 
270,"Love Is a Mix ...","£18.03","In stock", 1 , 7 
271,"Looking for Lovely: Collecting ...","£29.14","In stock", 5 , 3 
272,"Living Leadership by Insight: ...","£46.91","In stock", 4 , 1 
273,"Let It Out: A ...","£26.79","In stock", 5 , 2 
274,"Lady Midnight (The Dark ...","£16.28","In stock", 5 , 10 
275,"It's All Easy: Healthy, ...","£19.55","In stock", 1 , 2 
276,"Island of Dragons (Unwanteds ...","£29.65","In stock", 1 , 5 
277,"I Know What I'm ...","£25.98","In stock", 4 , 8 
278,"I Am Pilgrim (Pilgrim ...","£10.60","In stock", 4 , 3 
279,"Hyperbole and a Half: ...","£14.75","In stock", 5 , 7 
280,"Hush, Hush (Hush, Hush ...","£47.02","In stock", 3 , 5 
281,"Hold Your Breath (Search ...","£28.82","In stock", 1 , 10 
282,"Hamilton: The Revolution","£58.79","In stock", 3 , 3 
283,"Greek Mythic History","£10.23","In stock", 5 , 7 
284,"God: The Most Unpleasant ...","£30.03","In stock", 5 , 6 
285,"Glory over Everything: Beyond ...","£45.84","In stock", 3 , 1 
286,"Feathers: Displays of Brilliant ...","£49.05","In stock", 3 , 6 
287,"Far & Away: Places ...","£15.06","In stock", 4 , 3 
288,"Every Last Word","£46.47","In stock", 3 , 1 
289,"Eligible (The Austen Project ...","£27.09","In stock", 3 , 3 
290,"El Deafo","£57.62","In stock", 5 , 7 
291,"Eight Hundred Grapes","£14.39","In stock", 4 , 3 
292,"Eaternity: More than 150 ...","£51.75","In stock", 5 , 9 
293,"Eat Fat, Get Thin","£54.07","In stock", 2 , 1 
294,"Don't Get Caught","£55.35","In stock", 1 , 3 
295,"Doctor Sleep (The Shining ...","£40.12","In stock", 2 , 2 
296,"Demigods & Magicians: Percy ...","£37.51","In stock", 5 , 1 
297,"Dear Mr. Knightley","£11.21","In stock", 5 , 1 
298,"Daily Fantasy Sports","£36.58","In stock", 1 , 9 
299,"Crazy Love: Overwhelmed by ...","£47.72","In stock", 2 , 9 
300,"Cometh the Hour (The ...","£25.01","In stock", 3 , 3 
301,"Code Name Verity (Code ...","£22.13","In stock", 4 , 4 
302,"Clockwork Angel (The Infernal ...","£44.14","In stock", 1 , 4 
303,"City of Glass (The ...","£56.02","In stock", 4 , 10 
304,"City of Fallen Angels ...","£11.23","In stock", 4 , 3 
305,"City of Bones (The ...","£43.28","In stock", 1 , 3 
306,"City of Ashes (The ...","£47.27","In stock", 1 , 7 
307,"Cell","£20.29","In stock", 4 , 6 
308,"Catching Jordan (Hundred Oaks)","£50.83","In stock", 3 , 8 
309,"Carry On, Warrior: Thoughts ...","£31.85","In stock", 3 , 2 
310,"Carrie","£46.23","In stock", 2 , 2 
311,"Buying In: The Secret ...","£37.80","In stock", 4 , 9 
312,"Brain on Fire: My ...","£49.32","In stock", 5 , 2 
313,"Batman: Europa","£32.01","In stock", 2 , 7 
314,"Barefoot Contessa Back to ...","£28.01","In stock", 1 , 3 
315,"Barefoot Contessa at Home: ...","£50.62","In stock", 5 , 4 
316,"Balloon Animals","£17.03","In stock", 3 , 4 
317,"Art Ops Vol. 1","£48.80","In stock", 3 , 9 
318,"Aristotle and Dante Discover ...","£58.14","In stock", 4 , 1 
319,"Angels Walking (Angels Walking ...","£34.20","In stock", 2 , 9 
320,"Angels & Demons (Robert ...","£51.48","In stock", 3 , 1 
321,"All the Light We ...","£29.87","In stock", 5 , 1 
322,"Adulthood Is a Myth: ...","£10.90","In stock", 2 , 10 
323,"Abstract City","£56.37","In stock", 5 , 4 
324,"A Time of Torment ...","£48.35","In stock", 5 , 1 
325,"A Study in Scarlet ...","£16.73","In stock", 2 , 5 
326,"A Series of Catastrophes ...","£56.48","In stock", 2 , 2 
327,"A People's History of ...","£40.79","In stock", 2 , 2 
328,"A Man Called Ove","£39.72","In stock", 1 , 4 
329,"A Distant Mirror: The ...","£14.58","In stock", 3 , 5 
330,"A Brush of Wings ...","£55.51","In stock", 1 , 6 
331,"1491: New Revelations of ...","£21.80","In stock", 3 , 8 
332,"The Three Searches, Meaning, ...","£13.33","In stock", 3 , 9 
333,"Searching for Meaning in ...","£38.73","In stock", 1 , 1 
334,"Rook","£37.86","In stock", 4 , 10 
335,"My Kitchen Year: 136 ...","£11.53","In stock", 2 , 8 
336,"13 Hours: The Inside ...","£27.06","In stock", 1 , 2 
337,"Will You Won't You ...","£13.86","In stock", 3 , 2 
338,"Tipping Point for Planet ...","£37.55","In stock", 1 , 4 
339,"The Star-Touched Queen","£32.30","In stock", 5 , 2 
340,"The Silent Sister (Riley ...","£46.29","In stock", 5 , 1 
341,"The Midnight Watch: A ...","£26.20","In stock", 1 , 3 
342,"The Lonely City: Adventures ...","£33.26","In stock", 2 , 8 
343,"The Gray Rhino: How ...","£59.15","In stock", 4 , 6 
344,"The Golden Condom: And ...","£39.43","In stock", 1 , 2 
345,"The Epidemic (The Program ...","£14.44","In stock", 5 , 8 
346,"The Dinner Party","£56.54","In stock", 2 , 4 
347,"The Diary of a ...","£59.90","In stock", 3 , 9 
348,"The Children","£11.88","In stock", 3 , 5 
349,"Stars Above (The Lunar ...","£48.05","In stock", 2 , 5 
350,"Snatched: How A Drug ...","£21.21","In stock", 3 , 1 
351,"Raspberry Pi Electronics Projects ...","£49.67","In stock", 4 , 9 
352,"Quench Your Own Thirst: ...","£43.14","In stock", 1 , 5 
353,"Psycho: Sanitarium (Psycho #1.5)","£36.97","In stock", 5 , 7 
354,"Poisonous (Max Revere Novels ...","£26.80","In stock", 3 , 6 
355,"One with You (Crossfire ...","£15.71","In stock", 4 , 7 
356,"No Love Allowed (Dodge ...","£54.65","In stock", 4 , 8 
357,"Murder at the 42nd ...","£54.36","In stock", 4 , 3 
358,"Most Wanted","£35.28","In stock", 3 , 5 
359,"Love, Lies and Spies","£20.55","In stock", 2 , 6 
360,"How to Speak Golf: ...","£58.32","In stock", 5 , 8 
361,"Hide Away (Eve Duncan ...","£11.84","In stock", 1 , 2 
362,"Furiously Happy: A Funny ...","£41.46","In stock", 4 , 6 
363,"Everyday Italian: 125 Simple ...","£20.10","In stock", 5 , 6 
364,"Equal Is Unfair: America's ...","£56.86","In stock", 1 , 2 
365,"Eleanor & Park","£56.51","In stock", 5 , 3 
366,"Dirty (Dive Bar #1)","£40.83","In stock", 4 , 2 
367,"Can You Keep a ...","£48.64","In stock", 1 , 4 
368,"Boar Island (Anna Pigeon ...","£59.48","In stock", 3 , 10 
369,"A Paris Apartment","£39.01","In stock", 4 , 1 
370,"A la Mode: 120 ...","£38.77","In stock", 1 , 7 
371,"Troublemaker: Surviving Hollywood and ...","£48.39","In stock", 2 , 8 
372,"The Widow","£27.26","In stock", 2 , 2 
373,"The Sleep Revolution: Transforming ...","£11.68","In stock", 4 , 10 
374,"The Improbability of Love","£59.45","In stock", 1 , 3 
375,"The Art of Startup ...","£21.00","In stock", 3 , 4 
376,"Take Me Home Tonight ...","£53.98","In stock", 3 , 7 
377,"Sleeping Giants (Themis Files ...","£48.74","In stock", 1 , 9 
378,"Setting the World on ...","£21.15","In stock", 2 , 8 
379,"Playing with Fire","£13.71","In stock", 3 , 4 
380,"Off the Hook (Fishing ...","£47.67","In stock", 3 , 3 
381,"Mothering Sunday","£13.34","In stock", 2 , 2 
382,"Mother, Can You Not?","£16.89","In stock", 5 , 5 
383,"M Train","£27.18","In stock", 1 , 3 
384,"Lilac Girls","£17.28","In stock", 2 , 2 
385,"Lies and Other Acts ...","£45.14","In stock", 1 , 10 
386,"Lab Girl","£40.85","In stock", 1 , 7 
387,"Keep Me Posted","£20.46","In stock", 4 , 3 
388,"It Didn't Start with ...","£56.27","In stock", 3 , 1 
389,"Grey (Fifty Shades #4)","£48.49","In stock", 4 , 10 
390,"Exit, Pursued by a ...","£51.34","In stock", 4 , 8 
391,"Daredevils","£16.34","In stock", 3 , 4 
392,"Cravings: Recipes for What ...","£20.50","In stock", 3 , 1 
393,"Born for This: How ...","£21.59","In stock", 5 , 2 
394,"Arena","£21.36","In stock", 4 , 9 
395,"Adultery","£20.88","In stock", 5 , 8 
396,"A Mother's Reckoning: Living ...","£19.53","In stock", 3 , 6 
397,"A Gentleman's Position (Society ...","£14.75","In stock", 5 , 2 
398,"11/22/63","£48.48","In stock", 3 , 3 
399,"10% Happier: How I ...","£24.57","In stock", 2 , 4 
400,"10-Day Green Smoothie Cleanse: ...","£49.71","In stock", 5 , 1 
401,"Without Shame","£48.27","In stock", 5 , 4 
402,"Watchmen","£58.05","In stock", 4 , 6 
403,"Unlimited Intuition Now","£58.87","In stock", 4 , 9 
404,"Underlying Notes","£11.82","In stock", 2 , 7 
405,"The Shack","£28.03","In stock", 1 , 2 
406,"The New Brand You: ...","£44.05","In stock", 5 , 10 
407,"The Moosewood Cookbook: Recipes ...","£12.34","In stock", 4 , 9 
408,"The Flowers Lied","£16.68","In stock", 2 , 7 
409,"The Fabric of the ...","£55.91","In stock", 1 , 4 
410,"The Book of Mormon","£24.57","In stock", 3 , 5 
411,"The Art and Science ...","£52.98","In stock", 5 , 2 
412,"The Alien Club","£54.40","In stock", 1 , 4 
413,"Suzie Snowflake: One beautiful ...","£54.81","In stock", 5 , 5 
414,"Nap-a-Roo","£25.08","In stock", 1 , 5 
415,"NaNo What Now? Finding ...","£10.41","In stock", 4 , 8 
416,"Modern Day Fables","£47.44","In stock", 2 , 7 
417,"If I Gave You ...","£20.91","In stock", 1 , 3 
418,"Fruits Basket, Vol. 9 ...","£33.95","In stock", 4 , 3 
419,"Dress Your Family in ...","£43.68","In stock", 3 , 4 
420,"Don't Forget Steven","£33.23","In stock", 1 , 10 
421,"Chernobyl 01:23:40: The Incredible ...","£35.92","In stock", 2 , 1 
422,"Art and Fear: Observations ...","£48.63","In stock", 4 , 2 
423,"A Shard of Ice ...","£56.63","In stock", 3 , 6 
424,"A Hero's Curse (The ...","£50.49","In stock", 3 , 5 
425,"23 Degrees South: A ...","£35.79","In stock", 2 , 5 
426,"Zero to One: Notes ...","£34.06","In stock", 3 , 9 
427,"Why Not Me?","£17.76","In stock", 1 , 6 
428,"When Breath Becomes Air","£39.36","In stock", 2 , 1 
429,"Vagabonding: An Uncommon Guide ...","£36.94","In stock", 2 , 3 
430,"The Unlikely Pilgrimage of ...","£43.62","In stock", 5 , 2 
431,"The New Drawing on ...","£43.02","In stock", 3 , 2 
432,"The Midnight Assassin: Panic, ...","£28.45","In stock", 4 , 7 
433,"The Martian (The Martian ...","£41.39","In stock", 2 , 3 
434,"The High Mountains of ...","£51.15","In stock", 1 , 3 
435,"The Grownup","£35.88","In stock", 1 , 10 
436,"The E-Myth Revisited: Why ...","£36.91","In stock", 1 , 8 
437,"South of Sunshine","£28.93","In stock", 1 , 3 
438,"Smarter Faster Better: The ...","£38.89","In stock", 5 , 6 
439,"Silence in the Dark ...","£58.33","In stock", 3 , 5 
440,"Shadows of the Past ...","£39.67","In stock", 5 , 2 
441,"Roller Girl","£14.10","In stock", 5 , 7 
442,"Rising Strong","£21.82","In stock", 3 , 7 
443,"Proofs of God: Classical ...","£54.21","In stock", 1 , 6 
444,"Please Kill Me: The ...","£31.19","In stock", 4 , 8 
445,"Out of Print: City ...","£53.64","In stock", 5 , 6 
446,"My Life Next Door ...","£36.39","In stock", 5 , 2 
447,"Miller's Valley","£58.54","In stock", 2 , 1 
448,"Man's Search for Meaning","£29.48","In stock", 3 , 2 
449,"Love That Boy: What ...","£25.06","In stock", 2 , 2 
450,"Living Forward: A Proven ...","£12.55","In stock", 3 , 6 
451,"Les Fleurs du Mal","£29.04","In stock", 5 , 1 
452,"Left Behind (Left Behind ...","£40.72","In stock", 2 , 8 
453,"Kill 'Em and Leave: ...","£45.05","In stock", 5 , 5 
454,"Kierkegaard: A Christian Missionary ...","£47.13","In stock", 1 , 1 
455,"John Vassos: Industrial Design ...","£20.22","In stock", 4 , 9 
456,"I'll Give You the ...","£56.48","In stock", 1 , 8 
457,"I Will Find You","£44.21","In stock", 1 , 5 
458,"Hystopia: A Novel","£21.96","In stock", 4 , 6 
459,"Howl and Other Poems","£40.45","In stock", 2 , 1 
460,"History of Beauty","£10.29","In stock", 4 , 3 
461,"Heaven is for Real: ...","£52.86","In stock", 2 , 3 
462,"Future Shock (Future Shock ...","£55.65","In stock", 5 , 6 
463,"Ender's Game (The Ender ...","£43.64","In stock", 1 , 4 
464,"Diary of a Citizen ...","£28.41","In stock", 1 , 9 
465,"Death by Leisure: A ...","£37.51","In stock", 4 , 7 
466,"Brilliant Beacons: A History ...","£11.45","In stock", 3 , 10 
467,"Brazen: The Courage to ...","£19.22","In stock", 2 , 6 
468,"Between the World and ...","£56.91","In stock", 4 , 9 
469,"Being Mortal: Medicine and ...","£55.06","In stock", 4 , 6 
470,"A Murder Over a ...","£13.20","In stock", 3 , 7 
471,"32 Yolks","£53.63","In stock", 2 , 9 
472,"Most Blessed of the ...","£44.48","In stock", 5 , 9
473,"You Are a Badass: ...","£12.08","In stock", 3 , 2 
474,"Wildlife of New York: ...","£22.14","In stock", 2 , 10 
475,"What Happened on Beale ...","£25.37","In stock", 5 , 5 
476,"Unreasonable Hope: Finding Faith ...","£46.33","In stock", 2 , 10 
477,"Under the Tuscan Sun","£37.33","In stock", 3 , 6 
478,"Toddlers Are A**holes: It's ...","£25.55","In stock", 1 , 8 
479,"The Year of Living ...","£34.72","In stock", 1 , 9 
480,"The Whale","£35.96","In stock", 4 , 5 
481,"The Story of Art","£41.14","In stock", 4 , 5 
482,"The Origin of Species","£10.01","In stock", 4 , 4 
483,"The Great Gatsby","£36.05","In stock", 4 , 10 
484,"The Good Girl","£49.03","In stock", 3 , 10 
485,"The Glass Castle","£16.24","In stock", 1 , 8 
486,"The Faith of Christopher ...","£39.55","In stock", 1 , 8 
487,"The Drowning Girls","£35.67","In stock", 3 , 7 
488,"The Constant Princess (The ...","£16.62","In stock", 3 , 6 
489,"The Bourne Identity (Jason ...","£42.78","In stock", 4 , 3 
490,"The Bachelor Girl's Guide ...","£52.30","In stock", 5 , 10 
491,"The Art Book","£32.34","In stock", 2 , 6 
492,"The 7 Habits of ...","£33.17","In stock", 4 , 8 
493,"Team of Rivals: The ...","£20.12","In stock", 5 , 10 
494,"Steal Like an Artist: ...","£20.90","In stock", 2 , 4 
495,"Sit, Stay, Love","£20.90","In stock", 3 , 10 
496,"Sister Dear","£40.20","In stock", 4 , 10 
497,"Shrunken Treasures: Literary Classics, ...","£52.87","In stock", 3 , 4 
498,"Rich Dad, Poor Dad","£51.74","In stock", 1 , 1 
499,"Raymie Nightingale","£34.41","In stock", 2 , 2 
500,"Playing from the Heart","£32.38","In stock", 1 , 10 
501,"Nightstruck: A Novel","£50.35","In stock", 4 , 6 
502,"Naturally Lean: 125 Nourishing ...","£11.38","In stock", 5 , 3 
503,"Meternity","£43.58","In stock", 3 , 1 
504,"Memoirs of a Geisha","£49.67","In stock", 3 , 8 
505,"Like Never Before (Walker ...","£28.77","In stock", 2 , 6 
506,"Life of Pi","£13.22","In stock", 4 , 2 
507,"Leave This Song Behind: ...","£51.17","In stock", 5 , 10 
508,"King's Folly (The Kinsman ...","£39.61","In stock", 5 , 3 
509,"John Adams","£57.43","In stock", 4 , 8 
510,"How to Cook Everything ...","£46.01","In stock", 4 , 10 
511,"How to Be a ...","£28.25","In stock", 2 , 7 
512,"Good in Bed (Cannie ...","£37.05","In stock", 5 , 4 
513,"Fruits Basket, Vol. 7 ...","£19.57","In stock", 1 , 10 
514,"For the Love: Fighting ...","£45.13","In stock", 3 , 9 
515,"Finding God in the ...","£46.64","In stock", 2 , 3 
516,"Every Heart a Doorway ...","£12.16","In stock", 5 , 1 
517,"Delivering the Truth (Quaker ...","£20.89","In stock", 4 , 1 
518,"Counted With the Stars ...","£17.97","In stock", 5 , 6 
519,"Chronicles, Vol. 1","£52.60","In stock", 2 , 9 
520,"Blue Like Jazz: Nonreligious ...","£25.77","In stock", 1 , 1 
521,"Benjamin Franklin: An American ...","£48.19","In stock", 3 , 3 
522,"At The Existentialist Café: ...","£29.93","In stock", 5 , 1 
523,"A Summer In Europe","£44.34","In stock", 2 , 6 
524,"A Short History of ...","£52.40","In stock", 5 , 5 
525,"A Gathering of Shadows ...","£44.81","In stock", 4 , 5 
526,"The Sound Of Love","£57.84","In stock", 5 , 8 
527,"The Rise and Fall ...","£39.67","In stock", 2 , 7 
528,"The Perks of Being ...","£55.02","In stock", 3 , 2 
529,"The Mysterious Affair at ...","£24.80","In stock", 4 , 3 
530,"The Man Who Mistook ...","£59.45","In stock", 4 , 2 
531,"The Makings of a ...","£31.58","In stock", 2 , 9 
532,"The Joy of Cooking","£43.27","In stock", 4 , 1 
533,"The Invention of Wings","£37.34","In stock", 1 , 9 
534,"The Hobbit (Middle-Earth Universe)","£17.80","In stock", 5 , 5 
535,"The Great Railway Bazaar","£30.54","In stock", 1 , 7 
536,"The Golden Compass (His ...","£18.77","In stock", 1 , 1 
537,"The God Delusion","£46.85","In stock", 3 , 2 
538,"The Girl You Left ...","£15.79","In stock", 1 , 4 
539,"The Fellowship of the ...","£10.27","In stock", 2 , 3 
540,"The Collected Poems of ...","£15.42","In stock", 5 , 1 
541,"The Barefoot Contessa Cookbook","£59.92","In stock", 5 , 2 
542,"Tell the Wolves I'm ...","£50.96","In stock", 2 , 10 
543,"Ship Leaves Harbor: Essays ...","£30.60","In stock", 3 , 7 
544,"Pride and Prejudice","£19.27","In stock", 4 , 3 
545,"Musicophilia: Tales of Music ...","£46.58","In stock", 1 , 6 
546,"Mere Christianity","£48.51","In stock", 3 , 5 
547,"Me Before You (Me ...","£19.02","In stock", 1 , 1 
548,"In the Woods (Dublin ...","£38.38","In stock", 2 , 8 
549,"In Cold Blood","£49.98","In stock", 4 , 5 
550,"How to Stop Worrying ...","£46.49","In stock", 5 , 10 
551,"Give It Back","£18.32","In stock", 2 , 6 
552,"Girl, Interrupted","£42.14","In stock", 3 , 8 
553,"Fun Home: A Family ...","£56.59","In stock", 4 , 2 
554,"Fruits Basket, Vol. 6 ...","£20.96","In stock", 4 , 6 
555,"Deception Point","£40.32","In stock", 4 , 10 
556,"Death Note, Vol. 6: ...","£36.39","In stock", 3 , 4 
557,"Catherine the Great: Portrait ...","£58.55","In stock", 4 , 7 
558,"Better Homes and Gardens ...","£39.61","In stock", 3 , 8 
559,"An Unquiet Mind: A ...","£21.30","In stock", 3 , 5 
560,"A Year in Provence ...","£56.88","In stock", 4 , 5 
561,"World Without End (The ...","£32.97","In stock", 4 , 10 
562,"Will Grayson, Will Grayson ...","£47.31","In stock", 4 , 2 
563,"Why Save the Bankers?: ...","£48.67","In stock", 2 , 1 
564,"Where She Went (If ...","£41.73","In stock", 4 , 3 
565,"What If?: Serious Scientific ...","£53.68","In stock", 4 , 2 
566,"Two Summers","£14.64","In stock", 1 , 5 
567,"This Is Your Brain ...","£38.40","In stock", 1 , 9 
568,"The Secret Garden","£15.08","In stock", 4 , 5 
569,"The Raven King (The ...","£30.57","In stock", 2 , 4 
570,"The Raven Boys (The ...","£57.74","In stock", 4 , 10 
571,"The Power Greens Cookbook: ...","£11.05","In stock", 5 , 1 
572,"The Metamorphosis","£28.58","In stock", 1 , 10 
573,"The Mathews Men: Seven ...","£42.91","In stock", 5 , 9 
574,"The Little Paris Bookshop","£24.73","In stock", 3 , 5 
575,"The Hiding Place","£55.91","In stock", 4 , 10 
576,"The Grand Design","£13.76","In stock", 3 , 10 
577,"The Firm","£45.56","In stock", 3 , 4 
578,"The Fault in Our ...","£47.22","In stock", 1 , 9 
579,"The False Prince (The ...","£56.00","In stock", 5 , 7 
580,"The Expatriates","£44.58","In stock", 2 , 3 
581,"The Dream Thieves (The ...","£34.50","In stock", 1 , 4 
582,"The Darkest Corners","£11.33","In stock", 5 , 8 
583,"The Crossover","£38.77","In stock", 4 , 10 
584,"The 5th Wave (The ...","£11.83","In stock", 2 , 3 
585,"Tell the Wind and ...","£45.51","In stock", 3 , 8 
586,"Tell Me Three Things","£41.81","In stock", 1 , 9 
587,"Talking to Girls About ...","£25.15","In stock", 4 , 9 
588,"Siddhartha","£34.22","In stock", 5 , 10 
589,"Shiver (The Wolves of ...","£16.23","In stock", 5 , 10 
590,"Remember Me?","£11.48","In stock", 3 , 5 
591,"Red Dragon (Hannibal Lecter ...","£23.37","In stock", 3 , 4 
592,"Peak: Secrets from the ...","£16.28","In stock", 2 , 6 
593,"My Mother Was Nuts","£31.63","In stock", 4 , 7 
594,"Mexican Today: New and ...","£24.91","In stock", 5 , 9 
595,"Maybe Something Beautiful: How ...","£22.54","In stock", 1 , 5 
596,"Lola and the Boy ...","£23.63","In stock", 4 , 4 
597,"Logan Kade (Fallen Crest ...","£13.12","In stock", 2 , 8 
598,"Last One Home (New ...","£59.98","In stock", 3 , 3 
599,"Killing Floor (Jack Reacher ...","£31.49","In stock", 4 , 1 
600,"Kill the Boy Band","£15.52","In stock", 5 , 4 
601,"Isla and the Happily ...","£48.13","In stock", 5 , 4 
602,"If I Stay (If ...","£38.13","In stock", 5 , 5 
603,"I Know Why the ...","£36.55","In stock", 2 , 2 
604,"Harry Potter and the ...","£23.32","In stock", 1 , 5 
605,"Fruits Basket, Vol. 5 ...","£16.33","In stock", 1 , 1 
606,"Foundation (Foundation (Publication Order) ...","£32.42","In stock", 1 , 2 
607,"Fool Me Once","£16.96","In stock", 1 , 2 
608,"Find Her (Detective D.D. ...","£22.37","In stock", 1 , 7 
609,"Evicted: Poverty and Profit ...","£42.27","In stock", 1 , 3 
610,"Drama","£38.70","In stock", 2 , 6 
611,"Dracula the Un-Dead","£35.63","In stock", 5 , 1 
612,"Digital Fortress","£58.00","In stock", 5 , 4 
613,"Death Note, Vol. 5: ...","£52.41","In stock", 1 , 9 
614,"Data, A Love Story: ...","£32.35","In stock", 3 , 4 
615,"Critique of Pure Reason","£20.75","In stock", 1 , 1 
616,"Booked","£17.49","In stock", 5 , 8 
617,"Blue Lily, Lily Blue ...","£34.13","In stock", 5 , 1 
618,"Approval Junkie: Adventures in ...","£58.81","In stock", 5 , 9 
619,"An Abundance of Katherines","£10.00","In stock", 5 , 2 
620,"America's War for the ...","£51.22","In stock", 2 , 10 
621,"Alight (The Generations Trilogy ...","£58.59","In stock", 4 , 9 
622,"A Girl's Guide to ...","£31.30","In stock", 1 , 7 
623,"A Game of Thrones ...","£46.42","In stock", 2 , 10 
624,"A Feast for Crows ...","£17.21","In stock", 4 , 8 
625,"A Clash of Kings ...","£10.79","In stock", 3 , 1 
626,"Vogue Colors A to ...","£52.35","In stock", 4 , 2 
627,"The Shining (The Shining ...","£27.88","In stock", 3 , 10 
628,"The Pilgrim's Progress","£50.26","In stock", 2 , 7 
629,"The Perfect Play (Play ...","£59.99","In stock", 3 , 7 
630,"The Passion of Dolssa","£28.32","In stock", 5 , 10 
631,"The Jazz of Physics: ...","£38.71","In stock", 3 , 9 
632,"The Hunger Games (The ...","£29.85","In stock", 5 , 4 
633,"The Hound of the ...","£14.82","In stock", 2 , 6 
634,"The Gunning of America: ...","£16.81","In stock", 4 , 8 
635,"The Geography of Bliss: ...","£28.23","In stock", 2 , 4 
636,"The Demonists (Demonist #1)","£52.11","In stock", 2 , 5 
637,"The Demon Prince of ...","£27.88","In stock", 2 , 7 
638,"The Bone Hunters (Lexy ...","£59.71","In stock", 3 , 6 
639,"The Beast (Black Dagger ...","£46.08","In stock", 5 , 1 
640,"Some Women","£13.73","In stock", 5 , 1 
641,"Shopaholic Ties the Knot ...","£48.39","In stock", 5 , 10 
642,"Paper and Fire (The ...","£49.45","In stock", 5 , 8 
643,"Outlander (Outlander #1)","£19.67","In stock", 5 , 9 
644,"Orchestra of Exiles: The ...","£12.36","In stock", 3 , 5 
645,"No One Here Gets ...","£20.02","In stock", 5 , 1 
646,"Night Shift (Night Shift ...","£12.75","In stock", 4 , 7 
647,"Needful Things","£47.51","In stock", 4 , 2 
648,"Mockingjay (The Hunger Games ...","£20.44","In stock", 4 , 4 
649,"Misery","£34.79","In stock", 2 , 4 
650,"Little Women (Little Women ...","£28.07","In stock", 4 , 7 
651,"It","£25.01","In stock", 3 , 9 
652,"Harry Potter and the ...","£13.90","In stock", 3 , 6 
653,"Harry Potter and the ...","£24.17","In stock", 4 , 3 
654,"Harry Potter and the ...","£31.63","In stock", 4 , 4 
655,"Harry Potter and the ...","£48.75","In stock", 5 , 9 
656,"Harry Potter and the ...","£14.74","In stock", 1 , 1 
657,"Gone with the Wind","£32.49","In stock", 3 , 10 
658,"God Is Not Great: ...","£27.80","In stock", 1 , 3 
659,"Girl With a Pearl ...","£26.77","In stock", 1 , 7 
660,"Fruits Basket, Vol. 4 ...","£50.44","In stock", 4 , 3 
661,"Far From True (Promise ...","£34.93","In stock", 2 , 4 
662,"Dark Lover (Black Dagger ...","£12.87","In stock", 1 , 2 
663,"Confessions of a Shopaholic ...","£48.94","In stock", 2 , 9 
664,"Changing the Game (Play ...","£13.38","In stock", 3 , 4 
665,"Candide","£58.63","In stock", 3 , 8 
666,"Can You Keep a ...","£21.94","In stock", 1 , 1 
667,"Atlas Shrugged","£26.58","In stock", 5 , 1 
668,"Animal Farm","£57.22","In stock", 3 , 9 
669,"A Walk to Remember","£56.43","In stock", 1 , 10 
670,"A New Earth: Awakening ...","£55.65","In stock", 5 , 2 
671,"A History of God: ...","£27.62","In stock", 1 , 4 
672,"'Salem's Lot","£49.56","In stock", 4 , 8 
673,"Zero History (Blue Ant ...","£34.77","In stock", 1 , 3 
674,"Wuthering Heights","£17.73","In stock", 3 , 10 
675,"World War Z: An ...","£21.80","In stock", 1 , 7 
676,"Wild: From Lost to ...","£46.02","In stock", 3 , 7 
677,"Where'd You Go, Bernadette","£18.13","In stock", 1 , 1 
678,"When You Are Engulfed ...","£30.89","In stock", 5 , 4 
679,"We the People: The ...","£31.95","In stock", 3 , 7 
680,"We Are All Completely ...","£24.04","In stock", 1 , 2 
681,"Walk the Edge (Thunder ...","£32.36","In stock", 3 , 9 
682,"Voyager (Outlander #3)","£21.07","In stock", 5 , 7 
683,"Very Good Lives: The ...","£50.66","In stock", 3 , 7 
684,"Vegan Vegetarian Omnivore: Dinner ...","£13.66","In stock", 2 , 6 
685,"Unstuffed: Decluttering Your Home, ...","£58.09","In stock", 1 , 8 
686,"Under the Banner of ...","£30.00","In stock", 1 , 1 
687,"Two Boys Kissing","£32.74","In stock", 2 , 3 
688,"Twilight (Twilight #1)","£41.93","In stock", 2 , 1 
689,"Twenties Girl","£42.80","In stock", 2 , 4 
690,"Trespassing Across America: One ...","£53.51","In stock", 1 , 2 
691,"Three-Martini Lunch","£23.21","In stock", 3 , 5 
692,"Thinking, Fast and Slow","£21.14","In stock", 1 , 8 
693,"The Wild Robot","£56.07","In stock", 3 , 10 
694,"The Wicked + The ...","£14.41","In stock", 3 , 2 
695,"The Undomestic Goddess","£45.75","In stock", 4 , 4 
696,"The Travelers","£15.77","In stock", 1 , 7 
697,"The Tipping Point: How ...","£10.02","In stock", 2 , 3 
698,"The Thing About Jellyfish","£48.77","In stock", 1 , 5 
699,"The Stand","£57.86","In stock", 2 , 9 
700,"The Smitten Kitchen Cookbook","£23.59","In stock", 1 , 7 
701,"The Silkworm (Cormoran Strike ...","£23.05","In stock", 5 , 1 
702,"The Sandman, Vol. 3: ...","£55.55","In stock", 5 , 5 
703,"The Rose & the ...","£58.64","In stock", 4 , 3 
704,"The Road to Little ...","£23.21","In stock", 1 , 8 
705,"The Rise of Theodore ...","£42.57","In stock", 3 , 10 
706,"The Restaurant at the ...","£10.92","In stock", 1 , 2 
707,"The Rest Is Noise: ...","£34.77","In stock", 1 , 5 
708,"The Red Tent","£35.66","In stock", 5 , 10 
709,"The Purpose Driven Life: ...","£37.19","In stock", 3 , 3 
710,"The Purest Hook (Second ...","£12.25","In stock", 1 , 3 
711,"The Picture of Dorian ...","£29.70","In stock", 2 , 4 
712,"The Paris Wife","£36.80","In stock", 3 , 8 
713,"The Obsession","£45.43","In stock", 1 , 2 
714,"The Nightingale","£26.26","In stock", 4 , 7 
715,"The New Guy (and ...","£44.92","In stock", 3 , 1 
716,"The Nanny Diaries (Nanny ...","£52.53","In stock", 5 , 3 
717,"The Name of God ...","£37.25","In stock", 2 , 9 
718,"The Maze Runner (The ...","£20.93","In stock", 1 , 2 
719,"The Lover's Dictionary","£58.09","In stock", 2 , 7 
720,"The Lonely Ones","£43.59","In stock", 5 , 8 
721,"The Lean Startup: How ...","£33.92","In stock", 3 , 5 
722,"The Last Painting of ...","£55.55","In stock", 2 , 10 
723,"The Land of 10,000 ...","£29.64","In stock", 4 , 10 
724,"The Infinities","£27.41","In stock", 1 , 10 
725,"The Husband's Secret","£52.51","In stock", 5 , 8 
726,"The Hitchhiker's Guide to ...","£47.80","In stock", 3 , 6 
727,"The Guns of August","£14.54","In stock", 2 , 10 
728,"The Guernsey Literary and ...","£49.53","In stock", 1 , 1 
729,"The Goldfinch","£43.58","In stock", 3 , 8 
730,"The Giver (The Giver ...","£12.30","In stock", 1 , 5 
731,"The Girl with All ...","£49.47","In stock", 3 , 5 
732,"The Girl Who Played ...","£22.14","In stock", 2 , 5 
733,"The Girl Who Kicked ...","£57.48","In stock", 1 , 3 
734,"The Exiled","£43.45","In stock", 3 , 8 
735,"The End of Faith: ...","£22.13","In stock", 4 , 9 
736,"The Elegant Universe: Superstrings, ...","£13.03","In stock", 4 , 2 
737,"The Disappearing Spoon: And ...","£57.35","In stock", 5 , 5 
738,"The Devil Wears Prada ...","£44.29","In stock", 1 , 1 
739,"The Demon-Haunted World: Science ...","£52.25","In stock", 4 , 1 
740,"The Day the Crayons ...","£26.33","In stock", 5 , 7 
741,"The Da Vinci Code ...","£22.96","In stock", 2 , 10 
742,"The Cuckoo's Calling (Cormoran ...","£19.21","In stock", 1 , 4 
743,"The Complete Stories and ...","£26.78","In stock", 4 , 9 
744,"The Complete Poems","£41.32","In stock", 5 , 10 
745,"The Catcher in the ...","£24.55","In stock", 1 , 7 
746,"The Cat in the ...","£16.26","In stock", 2 , 7 
747,"The Case for Christ ...","£47.84","In stock", 1 , 10 
748,"The Book Thief","£53.49","In stock", 2 , 4 
749,"The Book of Basketball: ...","£44.84","In stock", 5 , 5 
750,"The Blind Side: Evolution ...","£53.71","In stock", 5 , 2 
751,"The Autobiography of Malcolm ...","£23.43","In stock", 2 , 7 
752,"The Art of Simple ...","£34.32","In stock", 3 , 5 
753,"The Art of Fielding","£22.10","In stock", 1 , 8 
754,"Surely You're Joking, Mr. ...","£25.83","In stock", 2 , 5 
755,"Stiff: The Curious Lives ...","£36.74","In stock", 3 , 9 
756,"Spilled Milk: Based on ...","£49.51","In stock", 1 , 8 
757,"Something Borrowed (Darcy & ...","£48.96","In stock", 5 , 6 
758,"Something Blue (Darcy & ...","£54.62","In stock", 1 , 2 
759,"Soldier (Talon #3)","£24.72","In stock", 2 , 1 
760,"Shopaholic & Baby (Shopaholic ...","£46.45","In stock", 2 , 10 
761,"Seven Days in the ...","£52.33","In stock", 2 , 9 
762,"Seven Brief Lessons on ...","£30.60","In stock", 4 , 3 
763,"Scarlet (The Lunar Chronicles ...","£14.57","In stock", 4 , 1 
764,"Sarah's Key","£46.29","In stock", 1 , 8 
765,"Saga, Volume 3 (Saga ...","£21.57","In stock", 5 , 8 
766,"Running with Scissors","£12.91","In stock", 4 , 5 
767,"Rogue Lawyer (Rogue Lawyer ...","£50.11","In stock", 3 , 1 
768,"Rise of the Rocket ...","£41.67","In stock", 4 , 4 
769,"Rework","£44.88","In stock", 2 , 2 
770,"Reservations for Two","£11.10","In stock", 3 , 9 
771,"Red: The True Story ...","£28.54","In stock", 3 , 4 
772,"Ready Player One","£19.07","In stock", 4 , 2 
773,"Quiet: The Power of ...","£43.55","In stock", 1 , 4 
774,"Prodigy: The Graphic Novel ...","£43.63","In stock", 3 , 10 
775,"Persepolis: The Story of ...","£39.13","In stock", 1 , 6 
776,"Packing for Mars: The ...","£56.68","In stock", 2 , 4 
777,"Outliers: The Story of ...","£14.16","In stock", 1 , 1 
778,"Original Fake","£31.45","In stock", 3 , 4 
779,"Orange Is the New ...","£24.61","In stock", 2 , 9 
780,"One for the Money ...","£32.87","In stock", 2 , 9 
781,"Notes from a Small ...","£40.17","In stock", 1 , 10 
782,"Night (The Night Trilogy ...","£13.51","In stock", 1 , 6 
783,"Neither Here nor There: ...","£38.95","In stock", 3 , 1 
784,"Naked","£31.69","In stock", 3 , 7 
785,"Morning Star (Red Rising ...","£29.40","In stock", 1 , 5 
786,"Miracles from Heaven: A ...","£57.83","In stock", 1 , 4 
787,"Midnight Riot (Peter Grant/ ...","£55.46","In stock", 2 , 3 
788,"Me Talk Pretty One ...","£57.60","In stock", 2 , 5 
789,"Manuscript Found in Accra","£34.98","In stock", 2 , 3 
790,"Lust & Wonder","£11.87","In stock", 2 , 7 
791,"Lila (Gilead #3)","£12.47","In stock", 3 , 8 
792,"Life, the Universe and ...","£33.26","In stock", 2 , 3 
793,"Life Without a Recipe","£59.04","In stock", 5 , 4 
794,"Life After Life","£26.13","In stock", 2 , 7 
795,"Letter to a Christian ...","£22.20","In stock", 1 , 2 
796,"Let's Pretend This Never ...","£45.11","In stock", 1 , 5 
797,"Legend (Legend #1)","£43.69","In stock", 4 , 7 
798,"Lean In: Women, Work, ...","£25.02","In stock", 1 , 8 
799,"Lamb: The Gospel According ...","£55.50","In stock", 5 , 10 
800,"Lady Renegades (Rebel Belle ...","£53.04","In stock", 5 , 6 
801,"Jurassic Park (Jurassic Park ...","£44.97","In stock", 1 , 9 
802,"It's Never Too Late ...","£42.38","In stock", 1 , 9 
803,"Is Everyone Hanging Out ...","£20.11","In stock", 3 , 7 
804,"Into the Wild","£56.70","In stock", 5 , 4 
805,"Inferno (Robert Langdon #4)","£41.00","In stock", 5 , 6 
806,"In the Garden of ...","£28.85","In stock", 3 , 2 
807,"If I Run (If ...","£49.97","In stock", 4 , 7 
808,"I've Got Your Number","£19.69","In stock", 1 , 9 
809,"I Am Malala: The ...","£28.88","In stock", 2 , 4 
810,"Hungry Girl Clean & ...","£33.14","In stock", 3 , 3 
811,"House of Lost Worlds: ...","£43.70","In stock", 2 , 2 
812,"House of Leaves","£54.89","In stock", 1 , 9 
813,"Horrible Bear!","£37.52","In stock", 2 , 5 
814,"Holidays on Ice","£51.07","In stock", 2 , 9 
815,"Heir to the Sky","£44.07","In stock", 4 , 3 
816,"Green Eggs and Ham ...","£10.79","In stock", 4 , 8 
817,"Grayson, Vol 3: Nemesis ...","£42.72","In stock", 1 , 10 
818,"Gratitude","£26.66","In stock", 5 , 6 
819,"Gone Girl","£37.60","In stock", 5 , 7 
820,"Golden (Heart of Dread ...","£42.21","In stock", 4 , 9 
821,"Girl in the Blue ...","£46.83","In stock", 2 , 9 
822,"Fruits Basket, Vol. 3 ...","£45.17","In stock", 2 , 1 
823,"Friday Night Lights: A ...","£51.22","In stock", 3 , 10 
824,"Fire Bound (Sea Haven/Sisters ...","£21.28","In stock", 4 , 7 
825,"Fifty Shades Freed (Fifty ...","£15.36","In stock", 5 , 1 
826,"Fellside","£38.62","In stock", 1 , 1 
827,"Extreme Prey (Lucas Davenport ...","£25.40","In stock", 3 , 3 
828,"Eragon (The Inheritance Cycle ...","£43.87","In stock", 3 , 6 
829,"Eclipse (Twilight #3)","£18.74","In stock", 1 , 9 
830,"Dune (Dune #1)","£54.86","In stock", 1 , 10 
831,"Dracula","£52.62","In stock", 3 , 9 
832,"Do Androids Dream of ...","£51.48","In stock", 1 , 2 
833,"Disrupted: My Misadventure in ...","£15.28","In stock", 5 , 10 
834,"Dead Wake: The Last ...","£39.24","In stock", 5 , 1 
835,"David and Goliath: Underdogs, ...","£17.81","In stock", 1 , 4 
836,"Darkfever (Fever #1)","£56.02","In stock", 1 , 8 
837,"Dark Places","£23.90","In stock", 5 , 9 
838,"Crazy Rich Asians (Crazy ...","£49.13","In stock", 5 , 1 
839,"Counting Thyme","£10.62","In stock", 1 , 3 
840,"Cosmos","£36.17","In stock", 2 , 2 
841,"Civilization and Its Discontents","£59.95","In stock", 2 , 6 
842,"Cinder (The Lunar Chronicles ...","£26.09","In stock", 1 , 1 
843,"Catastrophic Happiness: Finding Joy ...","£37.35","In stock", 2 , 8 
844,"Career of Evil (Cormoran ...","£24.72","In stock", 2 , 1 
845,"Breaking Dawn (Twilight #4)","£35.28","In stock", 5 , 1 
846,"Brave Enough","£51.32","In stock", 5 , 10 
847,"Boy Meets Boy","£21.12","In stock", 3 , 1 
848,"Born to Run: A ...","£27.35","In stock", 2 , 2 
849,"Blink: The Power of ...","£21.74","In stock", 5 , 10 
850,"Black Flags: The Rise ...","£40.87","In stock", 1 , 9 
851,"Black Butler, Vol. 1 ...","£49.31","In stock", 1 , 6 
852,"Big Little Lies","£22.11","In stock", 1 , 3 
853,"Between Shades of Gray","£20.79","In stock", 5 , 9 
854,"Best of My Love ...","£27.41","In stock", 2 , 8 
855,"Beowulf","£38.35","In stock", 2 , 9 
856,"Beautiful Creatures (Caster Chronicles ...","£21.55","In stock", 5 , 6 
857,"Awkward","£38.02","In stock", 2 , 2 
858,"Ash","£22.06","In stock", 4 , 9 
859,"Are We There Yet?","£10.66","In stock", 3 , 6 
860,"Are We Smart Enough ...","£56.58","In stock", 1 , 8 
861,"Annie on My Mind","£36.83","In stock", 5 , 4 
862,"And Then There Were ...","£35.01","In stock", 2 , 9 
863,"A Walk in the ...","£30.48","In stock", 4 , 2 
864,"A Visit from the ...","£14.08","In stock", 5 , 6 
865,"A Storm of Swords ...","£31.22","In stock", 2 , 10 
866,"A Heartbreaking Work of ...","£54.29","In stock", 5 , 5 
867,"8 Keys to Mental ...","£31.04","In stock", 1 , 8 
868,"#GIRLBOSS","£50.96","In stock", 1 , 2 
869,"The Suffragettes (Little Black ...","£11.89","In stock", 2 , 9 
870,"The Sense of an ...","£31.38","In stock", 3 , 9 
871,"The Sandman, Vol. 2: ...","£54.81","In stock", 1 , 8 
872,"The Course of Love","£16.78","In stock", 3 , 5 
873,"Sugar Rush (Offensive Line ...","£24.42","In stock", 1 , 10 
874,"Saga, Volume 2 (Saga ...","£11.75","In stock", 3 , 5 
875,"Run, Spot, Run: The ...","£20.02","In stock", 1 , 4 
876,"New Moon (Twilight #2)","£12.86","In stock", 4 , 5 
877,"Life","£31.58","In stock", 5 , 4 
878,"Kindle Paperwhite User's Guide","£34.00","In stock", 3 , 10 
879,"H is for Hawk","£57.42","In stock", 5 , 4 
880,"Girl Online On Tour ...","£53.47","In stock", 1 , 4 
881,"Fruits Basket, Vol. 2 ...","£11.64","In stock", 5 , 5 
882,"Diary of a Minecraft ...","£52.88","In stock", 4 , 5 
883,"Y: The Last Man, ...","£18.51","In stock", 4 , 2 
884,"While You Were Mine","£41.32","In stock", 5 , 8 
885,"Where Lightning Strikes (Bleeding ...","£39.77","In stock", 3 , 8 
886,"When I'm Gone","£51.96","In stock", 3 , 9 
887,"Ways of Seeing","£39.51","In stock", 5 , 6 
888,"Vampire Knight, Vol. 1 ...","£15.40","In stock", 1 , 2 
889,"Vampire Girl (Vampire Girl ...","£53.82","In stock", 2 , 4 
890,"Twenty Love Poems and ...","£30.95","In stock", 4 , 8 
891,"Travels with Charley: In ...","£57.82","In stock", 5 , 6 
892,"Three Wishes (River of ...","£44.18","In stock", 2 , 7 
893,"This One Moment (Pushing ...","£48.71","In stock", 1 , 2 
894,"The Zombie Room","£19.69","In stock", 5 , 5 
895,"The Wicked + The ...","£36.52","In stock", 2 , 8 
896,"The Tumor","£41.56","In stock", 5 , 8 
897,"The Story of Hong ...","£43.19","In stock", 4 , 1 
898,"The Silent Wife","£12.34","In stock", 5 , 7 
899,"The Silent Twin (Detective ...","£36.25","In stock", 3 , 10 
900,"The Selfish Gene","£29.45","In stock", 1 , 5 
901,"The Secret Healer","£34.56","In stock", 3 , 6 
902,"The Sandman, Vol. 1: ...","£54.12","In stock", 3 , 3 
903,"The Republic","£33.78","In stock", 3 , 9 
904,"The Odyssey","£29.64","In stock", 3 , 10 
905,"The No. 1 Ladies' ...","£57.70","In stock", 4 , 6 
906,"The Nicomachean Ethics","£36.34","In stock", 1 , 9 
907,"The Name of the ...","£50.59","In stock", 3 , 3 
908,"The Mirror & the ...","£29.38","In stock", 1 , 7 
909,"The Little Prince","£45.42","In stock", 2 , 1 
910,"The Light of the ...","£54.43","In stock", 1 , 2 
911,"The Last Girl (The ...","£36.26","In stock", 2 , 2 
912,"The Iliad","£16.16","In stock", 1 , 1 
913,"The Hook Up (Game ...","£36.29","In stock", 5 , 9 
914,"The Haters","£27.89","In stock", 5 , 4 
915,"The Girl You Lost","£12.29","In stock", 5 , 2 
916,"The Girl In The ...","£15.85","In stock", 3 , 8 
917,"The End of the ...","£14.40","In stock", 1 , 6 
918,"The Edge of Reason ...","£19.18","In stock", 4 , 5 
919,"The Complete Maus (Maus ...","£10.64","In stock", 3 , 7 
920,"The Communist Manifesto","£14.76","In stock", 3 , 10 
921,"The Bhagavad Gita","£57.49","In stock", 3 , 1 
922,"The Bette Davis Club","£30.66","In stock", 3 , 1 
923,"The Art of Not ...","£40.83","In stock", 4 , 10 
924,"Taking Shots (Assassins #1)","£18.88","In stock", 2 , 2 
925,"Starlark","£25.83","In stock", 3 , 8 
926,"Skip Beat!, Vol. 01 ...","£42.12","In stock", 3 , 1 
927,"Sister Sable (The Mad ...","£13.33","In stock", 3 , 3 
928,"Shatter Me (Shatter Me ...","£42.40","In stock", 1 , 5 
929,"Shameless","£58.35","In stock", 3 , 4 
930,"Shadow Rites (Jane Yellowrock ...","£21.72","In stock", 4 , 5 
931,"Settling the Score (The ...","£44.91","In stock", 2 , 8 
932,"Sense and Sensibility","£37.46","In stock", 1 , 7 
933,"Saga, Volume 1 (Saga ...","£28.48","In stock", 1 , 2 
934,"Rhythm, Chord & Malykhin","£28.34","In stock", 2 , 1 
935,"Rat Queens, Vol. 1: ...","£46.96","In stock", 5 , 1 
936,"Paradise Lost (Paradise #1)","£24.96","In stock", 1 , 10 
937,"Paper Girls, Vol. 1 ...","£21.71","In stock", 4 , 8 
938,"Ouran High School Host ...","£29.87","In stock", 3 , 1 
939,"Origins (Alphas 0.5)","£28.99","In stock", 1 , 8 
940,"One Second (Seven #7)","£52.94","In stock", 2 , 6 
941,"On the Road (Duluoz ...","£32.36","In stock", 3 , 5 
942,"Old Records Never Die: ...","£55.66","In stock", 2 , 3 
943,"Off Sides (Off #1)","£39.45","In stock", 5 , 5 
944,"Of Mice and Men","£47.11","In stock", 2 , 1 
945,"Myriad (Prentor #1)","£58.75","In stock", 4 , 7 
946,"My Perfect Mistake (Over ...","£38.92","In stock", 2 , 4 
947,"Ms. Marvel, Vol. 1: ...","£39.39","In stock", 4 , 5 
948,"Meditations","£25.89","In stock", 2 , 5 
949,"Matilda","£28.34","In stock", 1 , 3 
950,"Lost Among the Living","£27.70","In stock", 4 , 5 
951,"Lord of the Flies","£24.89","In stock", 3 , 8 
952,"Listen to Me (Fusion ...","£58.99","In stock", 3 , 10 
953,"Kitchens of the Great ...","£57.20","In stock", 5 , 1 
954,"Jane Eyre","£38.43","In stock", 5 , 2 
955,"Imperfect Harmony","£34.74","In stock", 4 , 1 
956,"Icing (Aces Hockey #2)","£40.44","In stock", 4 , 10 
957,"Hawkeye, Vol. 1: My ...","£45.24","In stock", 3 , 2 
958,"Having the Barbarian's Baby ...","£34.96","In stock", 4 , 5 
959,"Giant Days, Vol. 1 ...","£56.76","In stock", 4 , 3 
960,"Fruits Basket, Vol. 1 ...","£40.28","In stock", 5 , 5 
961,"Frankenstein","£38.00","In stock", 2 , 9 
962,"Forever Rockers (The Rocker ...","£28.80","In stock", 3 , 9 
963,"Fighting Fate (Fighting #6)","£39.24","In stock", 3 , 2 
964,"Emma","£32.93","In stock", 2 , 3 
965,"Eat, Pray, Love","£51.32","In stock", 3 , 9 
966,"Deep Under (Walker Security ...","£47.09","In stock", 5 , 4 
967,"Choosing Our Religion: The ...","£28.42","In stock", 4 , 1 
968,"Charlie and the Chocolate ...","£22.85","In stock", 3 , 8 
969,"Charity's Cross (Charles Towne ...","£41.24","In stock", 1 , 6 
970,"Bright Lines","£39.07","In stock", 5 , 5 
971,"Bridget Jones's Diary (Bridget ...","£29.82","In stock", 1 , 1 
972,"Bounty (Colorado Mountain #7)","£37.26","In stock", 4 , 1 
973,"Blood Defense (Samantha Brinkman ...","£20.30","In stock", 3 , 5 
974,"Bleach, Vol. 1: Strawberry ...","£34.65","In stock", 5 , 2 
975,"Beyond Good and Evil","£43.38","In stock", 1 , 5 
976,"Alice in Wonderland (Alice's ...","£55.53","In stock", 1 , 8 
977,"Ajin: Demi-Human, Volume 1 ...","£57.06","In stock", 4 , 3 
978,"A Spy's Devotion (The ...","£16.97","In stock", 5 , 5 
979,"1st to Die (Women's ...","£53.98","In stock", 1 , 2 
980,"1,000 Places to See ...","£26.08","In stock", 5 , 4 
